{"options":{"check_for_updates":false,"comment":null,"compat_foreach":false,"compat_metadata":false,"compat_powerful_this":null,"compat_prototypes":false,"compat_wrappedjsobject":false,"compatopts_for_requires":true,"noframes":null,"override":{"merge_connects":true,"merge_excludes":true,"merge_includes":true,"merge_matches":true,"orig_connects":[],"orig_excludes":[],"orig_includes":["https://github.com","https://github.com/*/*"],"orig_matches":[],"orig_noframes":null,"orig_run_at":"document-idle","use_blockers":[],"use_connects":[],"use_excludes":[],"use_includes":[],"use_matches":[]},"run_at":null,"tab_types":null,"unwrap":null},"settings":{"enabled":true,"position":8},"meta":{"name":"Github助手（过省）","uuid":"a6e8913f-2bdc-45b5-90e4-c0bacac5a0dd","modified":1638757560899,"file_url":"https://greasyfork.org/scripts/37899-github%E5%8A%A9%E6%89%8B/code/Github%E5%8A%A9%E6%89%8B.user.js"}}