{"options":{"check_for_updates":false,"comment":null,"compat_foreach":false,"compat_metadata":false,"compat_powerful_this":null,"compat_prototypes":false,"compat_wrappedjsobject":false,"compatopts_for_requires":true,"noframes":null,"override":{"merge_connects":true,"merge_excludes":true,"merge_includes":true,"merge_matches":true,"orig_connects":["cdn.bootcss.com","raw.githubusercontent.com","gist.githubusercontent.com","cdnjs.cloudflare.com","greasyfork.org","cdn.jsdelivr.net"],"orig_excludes":[],"orig_includes":["*"],"orig_matches":[],"orig_noframes":true,"orig_run_at":"document-end","use_blockers":[],"use_connects":[],"use_excludes":[],"use_includes":[],"use_matches":[]},"run_at":null,"tab_types":null,"unwrap":null},"settings":{"enabled":false,"position":5},"meta":{"name":"Userscript+ : Show Site All UserJS","uuid":"62e83044-96db-4a72-ba5b-c69f463d5ea5","modified":1638757201178,"file_url":"https://greasyfork.org/scripts/24508-userscript-show-site-all-userjs/code/Userscript+%20:%20Show%20Site%20All%20UserJS.user.js"}}