{"options":{"check_for_updates":true,"comment":null,"compat_foreach":false,"compat_metadata":false,"compat_powerful_this":null,"compat_prototypes":false,"compat_wrappedjsobject":false,"compatopts_for_requires":true,"noframes":null,"override":{"merge_connects":true,"merge_excludes":true,"merge_includes":true,"merge_matches":true,"orig_connects":[],"orig_excludes":[],"orig_includes":[],"orig_matches":["https://mooc1.chaoxing.com/mycourse/*"],"orig_noframes":null,"orig_run_at":"document-idle","use_blockers":[],"use_connects":[],"use_excludes":[],"use_includes":[],"use_matches":[]},"run_at":null,"tab_types":null,"unwrap":null},"settings":{"enabled":true,"position":22},"meta":{"name":"允许学习通后台播放","uuid":"88ff353a-ac29-4fb4-bb14-296f96c99149","modified":1653530116097,"file_url":"https://greasyfork.org/scripts/441905-%E5%85%81%E8%AE%B8%E5%AD%A6%E4%B9%A0%E9%80%9A%E5%90%8E%E5%8F%B0%E6%92%AD%E6%94%BE/code/%E5%85%81%E8%AE%B8%E5%AD%A6%E4%B9%A0%E9%80%9A%E5%90%8E%E5%8F%B0%E6%92%AD%E6%94%BE.user.js"}}