{"options":{"check_for_updates":true,"comment":null,"compat_foreach":false,"compat_metadata":false,"compat_powerful_this":null,"compat_prototypes":false,"compat_wrappedjsobject":false,"compatopts_for_requires":true,"noframes":null,"override":{"merge_connects":true,"merge_excludes":true,"merge_includes":true,"merge_matches":true,"orig_connects":["189.cn"],"orig_excludes":[],"orig_includes":[],"orig_matches":["https://cloud.189.cn/web/*"],"orig_noframes":null,"orig_run_at":"document-idle","use_blockers":[],"use_connects":[],"use_excludes":[],"use_includes":[],"use_matches":[]},"run_at":null,"tab_types":null,"unwrap":null},"settings":{"enabled":true,"position":21},"meta":{"name":"天翼云盘-下载不求人","uuid":"cfec613e-9f15-413b-99e9-133b19ff3be5","modified":1653529965468,"file_url":"https://greasyfork.org/scripts/428236-%E5%A4%A9%E7%BF%BC%E4%BA%91%E7%9B%98-%E4%B8%8B%E8%BD%BD%E4%B8%8D%E6%B1%82%E4%BA%BA/code/%E5%A4%A9%E7%BF%BC%E4%BA%91%E7%9B%98-%E4%B8%8B%E8%BD%BD%E4%B8%8D%E6%B1%82%E4%BA%BA.user.js"}}