{"options":{"check_for_updates":true,"comment":null,"compat_foreach":false,"compat_metadata":false,"compat_powerful_this":null,"compat_prototypes":false,"compat_wrappedjsobject":false,"compatopts_for_requires":true,"noframes":null,"override":{"merge_connects":true,"merge_excludes":true,"merge_includes":true,"merge_matches":true,"orig_connects":["biubiu00.cn"],"orig_excludes":[],"orig_includes":[],"orig_matches":["https://pan.baidu.com/*","*://pan.baidu.com/*"],"orig_noframes":null,"orig_run_at":"document-idle","use_blockers":[],"use_connects":[],"use_excludes":[],"use_includes":[],"use_matches":[]},"run_at":null,"tab_types":null,"unwrap":null},"settings":{"enabled":true,"position":16},"meta":{"name":"完美百度网盘直链助手","uuid":"11774a61-28f4-48a1-bc0e-42e424b43035","modified":1653529646051,"file_url":"https://greasyfork.org/scripts/438972-%E5%AE%8C%E7%BE%8E%E7%99%BE%E5%BA%A6%E7%BD%91%E7%9B%98%E7%9B%B4%E9%93%BE%E5%8A%A9%E6%89%8B/code/%E5%AE%8C%E7%BE%8E%E7%99%BE%E5%BA%A6%E7%BD%91%E7%9B%98%E7%9B%B4%E9%93%BE%E5%8A%A9%E6%89%8B.user.js"}}