{"options":{"check_for_updates":true,"comment":null,"compat_foreach":false,"compat_metadata":false,"compat_powerful_this":null,"compat_prototypes":false,"compat_wrappedjsobject":false,"compatopts_for_requires":true,"noframes":null,"override":{"merge_connects":true,"merge_excludes":true,"merge_includes":true,"merge_matches":true,"orig_connects":[],"orig_excludes":[],"orig_includes":[],"orig_matches":["https://zjy2.icve.com.cn/study/process/process.html*","https://zjy2.icve.com.cn/common/directory/directory.html*"],"orig_noframes":null,"orig_run_at":"document-idle","use_blockers":[],"use_connects":[],"use_excludes":[],"use_includes":[],"use_matches":[]},"run_at":null,"tab_types":null,"unwrap":null},"settings":{"enabled":true,"position":20},"meta":{"name":"职教云|滑块验证跳过","uuid":"3f6a45d7-a053-4472-87eb-837a71466572","modified":1653529872473,"file_url":"https://greasyfork.org/scripts/444880-%E8%81%8C%E6%95%99%E4%BA%91-%E6%BB%91%E5%9D%97%E9%AA%8C%E8%AF%81%E8%B7%B3%E8%BF%87/code/%E8%81%8C%E6%95%99%E4%BA%91%7C%E6%BB%91%E5%9D%97%E9%AA%8C%E8%AF%81%E8%B7%B3%E8%BF%87.user.js"}}