{"options":{"check_for_updates":true,"comment":null,"compat_foreach":false,"compat_metadata":false,"compat_powerful_this":null,"compat_prototypes":false,"compat_wrappedjsobject":false,"compatopts_for_requires":true,"noframes":null,"override":{"merge_connects":true,"merge_excludes":true,"merge_includes":true,"merge_matches":true,"orig_connects":["api.muketool.com","api2.muketool.com"],"orig_excludes":[],"orig_includes":[],"orig_matches":["*://*.chaoxing.com/*","*://*.edu.cn/*","*://*.nbdlib.cn/*","*://*.hnsyu.net/*"],"orig_noframes":null,"orig_run_at":"document-end","use_blockers":[],"use_connects":[],"use_excludes":[],"use_includes":[],"use_matches":[]},"run_at":null,"tab_types":null,"unwrap":null},"settings":{"enabled":true,"position":13},"meta":{"name":"超星学习通网课助手|视频挂机考试答题|全网聚合题库每日自动更新适用于几乎所有专业科目|完全免费永久使用【网课通用版】","uuid":"0ab181b1-d7ec-402f-b57b-601bee1f590e","modified":1653529461317,"file_url":"https://greasyfork.org/scripts/426360-%E8%B6%85%E6%98%9F%E5%AD%A6%E4%B9%A0%E9%80%9A%E7%BD%91%E8%AF%BE%E5%8A%A9%E6%89%8B-%E8%A7%86%E9%A2%91%E6%8C%82%E6%9C%BA%E8%80%83%E8%AF%95%E7%AD%94%E9%A2%98-%E5%85%A8%E7%BD%91%E8%81%9A%E5%90%88%E9%A2%98%E5%BA%93%E6%AF%8F%E6%97%A5%E8%87%AA%E5%8A%A8%E6%9B%B4%E6%96%B0%E9%80%82%E7%94%A8%E4%BA%8E%E5%87%A0%E4%B9%8E%E6%89%80%E6%9C%89%E4%B8%93%E4%B8%9A%E7%A7%91%E7%9B%AE-%E5%AE%8C%E5%85%A8%E5%85%8D%E8%B4%B9%E6%B0%B8%E4%B9%85%E4%BD%BF%E7%94%A8-%E7%BD%91%E8%AF%BE%E9%80%9A%E7%94%A8%E7%89%88/code/%E8%B6%85%E6%98%9F%E5%AD%A6%E4%B9%A0%E9%80%9A%E7%BD%91%E8%AF%BE%E5%8A%A9%E6%89%8B%7C%E8%A7%86%E9%A2%91%E6%8C%82%E6%9C%BA%E8%80%83%E8%AF%95%E7%AD%94%E9%A2%98%7C%E5%85%A8%E7%BD%91%E8%81%9A%E5%90%88%E9%A2%98%E5%BA%93%E6%AF%8F%E6%97%A5%E8%87%AA%E5%8A%A8%E6%9B%B4%E6%96%B0%E9%80%82%E7%94%A8%E4%BA%8E%E5%87%A0%E4%B9%8E%E6%89%80%E6%9C%89%E4%B8%93%E4%B8%9A%E7%A7%91%E7%9B%AE%7C%E5%AE%8C%E5%85%A8%E5%85%8D%E8%B4%B9%E6%B0%B8%E4%B9%85%E4%BD%BF%E7%94%A8%E3%80%90%E7%BD%91%E8%AF%BE%E9%80%9A%E7%94%A8%E7%89%88%E3%80%91.user.js"}}