{"options":{"check_for_updates":false,"comment":null,"compat_foreach":false,"compat_metadata":false,"compat_prototypes":false,"compat_wrappedjsobject":false,"compatopts_for_requires":true,"noframes":null,"override":{"merge_connects":true,"merge_excludes":true,"merge_includes":true,"merge_matches":true,"orig_connects":[],"orig_excludes":[],"orig_includes":[],"orig_matches":["*://www.52pojie.cn/*"],"orig_noframes":null,"orig_run_at":"document-idle","use_blockers":[],"use_connects":[],"use_excludes":[],"use_includes":[],"use_matches":[]},"run_at":null,"tab_types":null,"compat_powerful_this":null},"settings":{"enabled":false,"position":6},"meta":{"name":"52pojie吾爱破解论坛自动签到助手_免打扰（可使用）","uuid":"41425d28-cc31-4581-a5cd-e4e4ba220803","modified":1638757173868,"file_url":"https://greasyfork.org/scripts/373956-52pojie%E5%90%BE%E7%88%B1%E7%A0%B4%E8%A7%A3%E8%AE%BA%E5%9D%9B%E8%87%AA%E5%8A%A8%E7%AD%BE%E5%88%B0%E5%8A%A9%E6%89%8B-%E5%85%8D%E6%89%93%E6%89%B0/code/52pojie%E5%90%BE%E7%88%B1%E7%A0%B4%E8%A7%A3%E8%AE%BA%E5%9D%9B%E8%87%AA%E5%8A%A8%E7%AD%BE%E5%88%B0%E5%8A%A9%E6%89%8B_%E5%85%8D%E6%89%93%E6%89%B0.user.js"}}