{"options":{"check_for_updates":true,"comment":null,"compat_foreach":false,"compat_metadata":false,"compat_prototypes":false,"compat_wrappedjsobject":false,"compatopts_for_requires":true,"noframes":null,"override":{"merge_connects":true,"merge_excludes":true,"merge_includes":true,"merge_matches":true,"orig_connects":[],"orig_excludes":[],"orig_includes":[],"orig_matches":["https://blog.csdn.net/*/*/*/*"],"orig_noframes":null,"orig_run_at":"document-end","use_blockers":[],"use_connects":[],"use_excludes":[],"use_includes":[],"use_matches":[]},"run_at":null,"tab_types":null,"compat_powerful_this":null},"settings":{"enabled":true,"position":12},"meta":{"name":"byeByeCSDN登陆注册","uuid":"d265b4ac-f9d4-41df-95a4-6c0d87948adc","modified":1640664244259,"file_url":"https://greasyfork.org/scripts/375411-byebyecsdn%E7%99%BB%E9%99%86%E6%B3%A8%E5%86%8C/code/byeByeCSDN%E7%99%BB%E9%99%86%E6%B3%A8%E5%86%8C.user.js"}}