{"options":{"check_for_updates":false,"comment":null,"compat_foreach":false,"compat_metadata":false,"compat_prototypes":false,"compat_wrappedjsobject":false,"compatopts_for_requires":true,"noframes":null,"override":{"merge_connects":true,"merge_excludes":true,"merge_includes":true,"merge_matches":true,"orig_connects":[],"orig_excludes":[],"orig_includes":[],"orig_matches":["http*://msdn.itellyou.cn/*"],"orig_noframes":null,"orig_run_at":"document-start","use_blockers":[],"use_connects":[],"use_excludes":[],"use_includes":[],"use_matches":[]},"run_at":null,"tab_types":null,"compat_powerful_this":null},"settings":{"enabled":true,"position":9},"meta":{"name":"MSDN网页优化（过省）","uuid":"aca73e57-b23c-4ba2-90ea-e7543a6c90cc","modified":1638757445329,"file_url":"https://greasyfork.org/scripts/370789-msdn-%E6%88%91%E5%91%8A%E8%AF%89%E4%BD%A0-%E6%B8%85%E7%88%BD%E7%89%B9%E5%88%AB%E7%89%88/code/MSDN%20%E6%88%91%E5%91%8A%E8%AF%89%E4%BD%A0%20%E6%B8%85%E7%88%BD%E7%89%B9%E5%88%AB%E7%89%88.user.js"}}