{"options":{"check_for_updates":true,"comment":null,"compat_foreach":false,"compat_metadata":false,"compat_prototypes":false,"compat_wrappedjsobject":false,"compatopts_for_requires":true,"noframes":null,"override":{"merge_connects":true,"merge_excludes":true,"merge_includes":true,"merge_matches":true,"orig_connects":[],"orig_excludes":[],"orig_includes":["/^https?:\\/\\/www\\.google\\..{2,7}url/"],"orig_matches":["*://www.jianshu.com/go-wild*","*://link.zhihu.com/*","*://t.cn/*","*://weibo.cn/sinaurl*","*://mail.qq.com/cgi-bin/*","*://c.pc.qq.com/middlem.html*","*://app.yinxiang.com/OutboundRedirect.action*","*://jump.bdimg.com/safecheck/*","*://jump2.bdimg.com/safecheck/*","*://link.csdn.net/*","*://www.youtube.com/redirect*","*://weixin110.qq.com/cgi-bin/mmspamsupport-bin/newredirectconfirmcgi*","*://developers.weixin.qq.com/community/middlepage/href*","*://www.itdaan.com/link/*","*://www.douban.com/link2/*","*://www.360doc.com/content/*","*://www.pixiv.net/jump.php*","*://m.sogou.com/*/tc*","*://m.sogou.com*/tc*","*://www.chinaz.com/go.shtml*","*://www.oschina.net/action/GoToLink*","*://link.juejin.cn/*","*://docs.qq.com/scenario/link.html*","*://www.pc6.com/goread.html*","*://afdian.net/link*","*://gitee.com/link*"],"orig_noframes":null,"orig_run_at":"document-start","use_blockers":[],"use_connects":[],"use_excludes":[],"use_includes":[],"use_matches":[]},"run_at":null,"tab_types":null,"unwrap":null,"compat_powerful_this":null},"settings":{"enabled":true,"position":14},"meta":{"name":"redirect 外链跳转","uuid":"9160d5c6-bfef-4da1-8348-5fc57fdf6f05","modified":1641908895054,"file_url":"https://greasyfork.org/scripts/416338-redirect-%E5%A4%96%E9%93%BE%E8%B7%B3%E8%BD%AC/code/redirect%20%E5%A4%96%E9%93%BE%E8%B7%B3%E8%BD%AC.user.js"}}