{"options":{"check_for_updates":true,"comment":null,"compat_foreach":false,"compat_metadata":false,"compat_prototypes":false,"compat_wrappedjsobject":false,"compatopts_for_requires":true,"noframes":null,"override":{"merge_connects":true,"merge_excludes":true,"merge_includes":true,"merge_matches":true,"orig_connects":[],"orig_excludes":[],"orig_includes":[],"orig_matches":["http://passport.ouchn.cn/Account/Login*"],"orig_noframes":null,"orig_run_at":"document-idle","use_blockers":[],"use_connects":[],"use_excludes":[],"use_includes":[],"use_matches":[]},"run_at":null,"tab_types":null,"compat_powerful_this":null},"settings":{"enabled":true,"position":11},"meta":{"name":"国家开放大学自动登录脚本","uuid":"ebe5a298-2fa8-41e9-b7b5-3f247e50ff2a","modified":1637898820125}}