{"ts":1650103797440,"data":{"CatPW":"o{\"date\": \"2022/4/16\",\"sCode\": \"\",\"unPW\": \"\",\"Src\": \"https://pan.lanzoui.com/ijy7t00pwwch\",\"surl\": \"\",\"Hash\": \"#6661\",\"webSrc\": \"https%3A%2F%2Fwww.sharertv.com%2F783.html\",\"webTitle\": \"miTV%201.0.0%20%E7%94%B5%E8%A7%86%E7%9B%B4%E6%92%AD-%E5%88%86%E4%BA%AB%E8%BF%B7%20-%20%E4%BC%98%E8%B4%A8%E7%B2%BE%E5%93%81TV%E8%BD%AF%E4%BB%B6%E3%80%81%E4%BA%92%E8%81%94%E7%BD%91%E8%B5%84%E6%BA%90%E5%88%86%E4%BA%AB\"}","CatPW_Manage":"o{\"StorageSave\":true,\"UpdataConfig\":{\"UpdataSave\":true,\"UpdataNotify\":true,\"UpdataPlugin\":true,\"UpdataVersion\":\"3.22.31.1\"},\"StorageExp\":365}"}}