{"ts":1639971807673,"data":{"1291543_1337X":"btrue","1291543_19影视":"btrue","1291543_2TU影院":"btrue","1291543_4K屋":"btrue","1291543_4K电影":"btrue","1291543_52 Movie":"btrue","1291543_56网盘影":"btrue","1291543_592美剧":"btrue","1291543_66影视网":"shttps://www.66ys.tv/e/search/result/?searchid=223710","1291543_6V电影网":"shttp://www.6vhao.tv/e/search/result/?searchid=185371","1291543_8V电影网":"btrue","1291543_91黑米":"btrue","1291543_962电影网":"btrue","1291543_97电影网":"btrue","1291543_98TVS":"btrue","1291543_9去这里":"btrue","1291543_AAQQS":"btrue","1291543_BT@烧包":"btrue","1291543_BT下吧":"btrue","1291543_BT之家":"btrue","1291543_BT人人":"btrue","1291543_BT天堂":"btrue","1291543_BT部落":"btrue","1291543_CK电影":"btrue","1291543_ISOHunt":"btrue","1291543_KickAss":"btrue","1291543_LOL电影":"btrue","1291543_Lime":"btrue","1291543_MP4Vv":"btrue","1291543_Monova":"btrue","1291543_Neets":"btrue","1291543_PianHD":"btrue","1291543_RARBG":"btrue","1291543_TL95":"btrue","1291543_TorLock":"btrue","1291543_WorldWide":"btrue","1291543_YTS":"btrue","1291543_Zooqle":"btrue","1291543_一只大榴莲":"btrue","1291543_一站搜":"btrue","1291543_两个BT":"btrue","1291543_中国高清网":"btrue","1291543_乐视视频":"btrue","1291543_乐赏电影":"btrue","1291543_云盘精灵影":"btrue","1291543_人生05":"btrue","1291543_优酷视频":"btrue","1291543_创世影院":"btrue","1291543_哔哩哔哩":"btrue","1291543_嘎嘎影视":"btrue","1291543_小浣熊下载":"btrue","1291543_小白盘影视":"btrue","1291543_就爱那片":"shttp://www.inapian.com/index.php?s=vod-search&wd=功夫","1291543_左手吃斋":"btrue","1291543_影海":"btrue","1291543_影视看看":"btrue","1291543_户户盘":"shttp://huhupan.com/e/search/result/?searchid=75","1291543_新6V电影":"shttps://www.66s.cc/e/search/result/?searchid=606","1291543_新片网":"btrue","1291543_春晓影视":"btrue","1291543_最新影视站":"btrue","1291543_查片源":"btrue","1291543_比特大雄":"btrue","1291543_比特影视":"btrue","1291543_泡饭影视":"btrue","1291543_爱奇艺视频":"btrue","1291543_爱搜资源影":"btrue","1291543_爱笑聚":"btrue","1291543_片吧":"btrue","1291543_片源网":"btrue","1291543_电影传送门":"btrue","1291543_电影天堂":"shttps://www.dy2018.com/e/search/result/searchid-96829.html","1291543_电影日志":"btrue","1291543_电影港":"shttp://so.dygang.net/e/search/result/?searchid=176306","1291543_电影首发站":"btrue","1291543_界绍部":"btrue","1291543_盘多多影视":"btrue","1291543_看美剧":"btrue","1291543_磁力猫":"btrue","1291543_磁力站":"btrue","1291543_第一电影网":"btrue","1291543_美剧仓库":"shttp://www.meijuck.com/e/search/result/?searchid=11840","1291543_美剧汇":"btrue","1291543_美剧鸟":"btrue","1291543_老司机电影":"btrue","1291543_胖鸟电影":"btrue","1291543_腾讯视频":"btrue","1291543_芒果TV":"btrue","1291543_蓝光网":"btrue","1291543_贪玩影视":"btrue","1291543_趣味源":"btrue","1291543_迅影网":"btrue","1291543_迅雷影天堂":"btrue","1291543_迷你MP4":"btrue","1291543_钉子电影":"btrue","1291543_阳光电影":"btrue","1291543_霸气村":"btrue","1291543_音范丝":"btrue","1291543_飞客BT":"btrue","1291543_高清888":"btrue","1291543_高清MP4":"btrue","1291543_高清控":"btrue","1291543_高清电台":"btrue","1291543_魔力电影网":"btrue","3878007_1337X":"btrue","3878007_19影视":"btrue","3878007_2TU影院":"btrue","3878007_4K屋":"btrue","3878007_4K电影":"btrue","3878007_52 Movie":"btrue","3878007_56网盘影":"btrue","3878007_592美剧":"btrue","3878007_66影视网":"shttps://www.66ys.tv/e/search/result/?searchid=240890","3878007_6V电影网":"shttp://www.6vhao.tv/e/search/result/?searchid=192318","3878007_8V电影网":"btrue","3878007_91黑米":"btrue","3878007_962电影网":"btrue","3878007_97电影网":"btrue","3878007_9去这里":"btrue","3878007_AAQQS":"btrue","3878007_BT@烧包":"btrue","3878007_BT下吧":"btrue","3878007_BT之家":"btrue","3878007_BT人人":"btrue","3878007_BT吧":"btrue","3878007_BT部落":"btrue","3878007_CK电影":"btrue","3878007_HDZIMU":"btrue","3878007_ISOHunt":"btrue","3878007_LOL电影":"btrue","3878007_Lime":"btrue","3878007_MP4Vv":"btrue","3878007_Monova":"btrue","3878007_MovieSub":"btrue","3878007_Neets":"btrue","3878007_OpenSub":"btrue","3878007_PianHD":"btrue","3878007_Podnapisi":"btrue","3878007_SubBank":"btrue","3878007_Subscene":"btrue","3878007_TL95":"btrue","3878007_TVsubtitles":"btrue","3878007_TorLock":"btrue","3878007_WorldWide":"btrue","3878007_YIFY":"btrue","3878007_YTS":"btrue","3878007_Zooqle":"btrue","3878007_iSubtitles":"btrue","3878007_sub HD":"btrue","3878007_一只大榴莲":"btrue","3878007_两个BT":"btrue","3878007_中国高清网":"btrue","3878007_中文字幕网":"btrue","3878007_乐视视频":"btrue","3878007_乐赏电影":"btrue","3878007_云盘精灵影":"btrue","3878007_人生05":"btrue","3878007_优酷视频":"btrue","3878007_伪射手":"btrue","3878007_嘎嘎影视":"btrue","3878007_字幕君":"btrue","3878007_字幕天堂":"shttp://www.zmtiantang.com/search-0-106989.html","3878007_字幕社":"btrue","3878007_字幕组":"btrue","3878007_小浣熊下载":"btrue","3878007_小白盘影视":"btrue","3878007_就爱那片":"shttp://www.inapian.com/index.php?s=vod-search&wd=海王","3878007_左手吃斋":"btrue","3878007_影视看看":"btrue","3878007_户户盘":"shttp://huhupan.com/e/search/result/?searchid=7458","3878007_搜狐视频":"btrue","3878007_新6V电影":"shttps://www.66s.cc/e/search/result/?searchid=529","3878007_新片网":"btrue","3878007_春晓影视":"btrue","3878007_最新影视站":"btrue","3878007_查片源":"btrue","3878007_比特大雄":"btrue","3878007_比特影视":"btrue","3878007_泡饭影视":"btrue","3878007_爱奇艺视频":"btrue","3878007_爱搜资源影":"btrue","3878007_片源网":"btrue","3878007_电影传送门":"btrue","3878007_电影天堂":"shttps://www.dy2018.com/e/search/result/searchid-113234.html","3878007_电影日志":"btrue","3878007_电影港":"shttp://so.dygang.net/e/search/result/?searchid=178978","3878007_电影首发站":"btrue","3878007_界绍部":"btrue","3878007_盘多多影视":"btrue","3878007_看美剧":"btrue","3878007_磁力猫":"btrue","3878007_磁力站":"btrue","3878007_第一电影网":"btrue","3878007_美剧仓库":"shttp://www.meijuck.com/e/search/result/?searchid=9923","3878007_美剧汇":"btrue","3878007_美剧鸟":"btrue","3878007_老司机电影":"btrue","3878007_胖鸟电影":"btrue","3878007_腾讯视频":"btrue","3878007_芒果TV":"btrue","3878007_蓝光网":"btrue","3878007_贪玩影视":"btrue","3878007_趣味源":"btrue","3878007_迅影网":"btrue","3878007_迅雷影天堂":"btrue","3878007_迷你MP4":"btrue","3878007_钉子电影":"btrue","3878007_阳光电影":"btrue","3878007_霸气村":"btrue","3878007_音范丝":"btrue","3878007_飞客BT":"btrue","3878007_高清888":"btrue","3878007_高清控":"btrue","3878007_高清电台":"btrue","3878007_魔力电影网":"btrue","cache_1291543_1337X":"n1546505867663","cache_1291543_19影视":"n1546505867716","cache_1291543_2TU影院":"n1546505867821","cache_1291543_4K屋":"n1546505867475","cache_1291543_4K电影":"n1546505868295","cache_1291543_52 Movie":"n1546505867604","cache_1291543_56网盘影":"n1546505868222","cache_1291543_592美剧":"n1546505868327","cache_1291543_66影视网":"n1546505868348","cache_1291543_6V电影网":"n1546505868467","cache_1291543_8V电影网":"n1546505867391","cache_1291543_91黑米":"n1546505867472","cache_1291543_962电影网":"n1546505867797","cache_1291543_97电影网":"n1546505867483","cache_1291543_98TVS":"n1546505869333","cache_1291543_9去这里":"n1546505867234","cache_1291543_AAQQS":"n1546505867220","cache_1291543_BT@烧包":"n1546505867545","cache_1291543_BT下吧":"n1546505867469","cache_1291543_BT之家":"n1546505868230","cache_1291543_BT人人":"n1546505868318","cache_1291543_BT天堂":"n1546505867551","cache_1291543_BT部落":"n1546505868275","cache_1291543_CK电影":"n1546505868548","cache_1291543_ISOHunt":"n1546505867760","cache_1291543_KickAss":"n1546505871143","cache_1291543_LOL电影":"n1546505868232","cache_1291543_Lime":"n1546505869190","cache_1291543_MP4Vv":"n1546505867811","cache_1291543_Monova":"n1546505867689","cache_1291543_Neets":"n1546505868491","cache_1291543_PianHD":"n1546505868323","cache_1291543_RARBG":"n1546505868813","cache_1291543_TL95":"n1546505868377","cache_1291543_TorLock":"n1546505869495","cache_1291543_WorldWide":"n1546505910900","cache_1291543_YTS":"n1546505868521","cache_1291543_Zooqle":"n1546505868220","cache_1291543_一只大榴莲":"n1546505868270","cache_1291543_一站搜":"n1546505874479","cache_1291543_两个BT":"n1546505868079","cache_1291543_中国高清网":"n1546505867784","cache_1291543_乐视视频":"n1546505867229","cache_1291543_乐赏电影":"n1546505867671","cache_1291543_云盘精灵影":"n1546505868448","cache_1291543_人生05":"n1546505867478","cache_1291543_优酷视频":"n1546505867757","cache_1291543_创世影院":"n1546505868234","cache_1291543_哔哩哔哩":"n1546505867379","cache_1291543_嘎嘎影视":"n1546505868241","cache_1291543_小浣熊下载":"n1546505868252","cache_1291543_小白盘影视":"n1546505867389","cache_1291543_就爱那片":"n1546505867794","cache_1291543_左手吃斋":"n1546505867505","cache_1291543_影海":"n1546505867431","cache_1291543_影视看看":"n1546505867866","cache_1291543_户户盘":"n1546505868021","cache_1291543_新6V电影":"n1546505869327","cache_1291543_新片网":"n1546505867640","cache_1291543_春晓影视":"n1546505868076","cache_1291543_最新影视站":"n1546505869661","cache_1291543_查片源":"n1546505867611","cache_1291543_比特大雄":"n1546505869563","cache_1291543_比特影视":"n1546505867386","cache_1291543_泡饭影视":"n1546505868436","cache_1291543_爱奇艺视频":"n1546505867594","cache_1291543_爱搜资源影":"n1546505869041","cache_1291543_爱笑聚":"n1546505867781","cache_1291543_片吧":"n1546505870826","cache_1291543_片源网":"n1546505867597","cache_1291543_电影传送门":"n1546505868233","cache_1291543_电影天堂":"n1546505868213","cache_1291543_电影日志":"n1546505868045","cache_1291543_电影港":"n1546505868939","cache_1291543_电影首发站":"n1546505867433","cache_1291543_界绍部":"n1546505869783","cache_1291543_盘多多影视":"n1546505867622","cache_1291543_看美剧":"n1546505869914","cache_1291543_磁力猫":"n1546505868074","cache_1291543_磁力站":"n1546505868017","cache_1291543_第一电影网":"n1546505868616","cache_1291543_美剧仓库":"n1546505867718","cache_1291543_美剧汇":"n1546505868418","cache_1291543_美剧鸟":"n1546505867989","cache_1291543_老司机电影":"n1546505867729","cache_1291543_胖鸟电影":"n1546505867509","cache_1291543_腾讯视频":"n1546505867780","cache_1291543_芒果TV":"n1546505867459","cache_1291543_蓝光网":"n1546505869737","cache_1291543_贪玩影视":"n1546505867512","cache_1291543_趣味源":"n1546505868025","cache_1291543_迅影网":"n1546505867600","cache_1291543_迅雷影天堂":"n1546505868246","cache_1291543_迷你MP4":"n1546505868019","cache_1291543_钉子电影":"n1546505867428","cache_1291543_阳光电影":"n1546505867720","cache_1291543_霸气村":"n1546505867656","cache_1291543_音范丝":"n1546505868283","cache_1291543_飞客BT":"n1546505868029","cache_1291543_高清888":"n1546505868226","cache_1291543_高清MP4":"n1546505867436","cache_1291543_高清控":"n1546505868514","cache_1291543_高清电台":"n1546505868635","cache_1291543_魔力电影网":"n1546505868432","cache_3878007_1337X":"n1546505574094","cache_3878007_19影视":"n1546505572134","cache_3878007_2TU影院":"n1546505572585","cache_3878007_4K屋":"n1546505571586","cache_3878007_4K电影":"n1546505573486","cache_3878007_52 Movie":"n1546505576732","cache_3878007_56网盘影":"n1546505572833","cache_3878007_592美剧":"n1546505572741","cache_3878007_66影视网":"n1546505572581","cache_3878007_6V电影网":"n1546505572776","cache_3878007_8V电影网":"n1546505571686","cache_3878007_91黑米":"n1546505571723","cache_3878007_962电影网":"n1546505571677","cache_3878007_97电影网":"n1546505572076","cache_3878007_9去这里":"n1546505571730","cache_3878007_AAQQS":"n1546505571562","cache_3878007_BT@烧包":"n1546505576653","cache_3878007_BT下吧":"n1546505572371","cache_3878007_BT之家":"n1546505573383","cache_3878007_BT人人":"n1546505572261","cache_3878007_BT吧":"n1546505572505","cache_3878007_BT部落":"n1546505572280","cache_3878007_CK电影":"n1546505572985","cache_3878007_HDZIMU":"n1546505608092","cache_3878007_ISOHunt":"n1546505573474","cache_3878007_LOL电影":"n1546505573251","cache_3878007_Lime":"n1546505574426","cache_3878007_MP4Vv":"n1546505587531","cache_3878007_Monova":"n1546505573576","cache_3878007_MovieSub":"n1546505572256","cache_3878007_Neets":"n1546505572516","cache_3878007_OpenSub":"n1546505572496","cache_3878007_PianHD":"n1546505580042","cache_3878007_Podnapisi":"n1546505573419","cache_3878007_SubBank":"n1546505572669","cache_3878007_Subscene":"n1546505572241","cache_3878007_TL95":"n1546505572334","cache_3878007_TVsubtitles":"n1546505571890","cache_3878007_TorLock":"n1546505575728","cache_3878007_WorldWide":"n1546505594058","cache_3878007_YIFY":"n1546505573082","cache_3878007_YTS":"n1546505573951","cache_3878007_Zooqle":"n1546505573978","cache_3878007_iSubtitles":"n1546505572252","cache_3878007_sub HD":"n1546505577225","cache_3878007_一只大榴莲":"n1546505573102","cache_3878007_两个BT":"n1546505572928","cache_3878007_中国高清网":"n1546505572654","cache_3878007_中文字幕网":"n1546505571689","cache_3878007_乐视视频":"n1546505571566","cache_3878007_乐赏电影":"n1546505572510","cache_3878007_云盘精灵影":"n1546505605273","cache_3878007_人生05":"n1546505572206","cache_3878007_优酷视频":"n1546505572084","cache_3878007_伪射手":"n1546505571259","cache_3878007_嘎嘎影视":"n1546505572595","cache_3878007_字幕君":"n1546505571242","cache_3878007_字幕天堂":"n1546505598056","cache_3878007_字幕社":"n1546505571381","cache_3878007_字幕组":"n1546505571568","cache_3878007_小浣熊下载":"n1546505573374","cache_3878007_小白盘影视":"n1546505572588","cache_3878007_就爱那片":"n1546505572498","cache_3878007_左手吃斋":"n1546505572007","cache_3878007_影视看看":"n1546505572978","cache_3878007_户户盘":"n1546505572726","cache_3878007_搜狐视频":"n1546505572567","cache_3878007_新6V电影":"n1546505574061","cache_3878007_新片网":"n1546505572223","cache_3878007_春晓影视":"n1546505573774","cache_3878007_最新影视站":"n1546505572980","cache_3878007_查片源":"n1546505574200","cache_3878007_比特大雄":"n1546505572859","cache_3878007_比特影视":"n1546505572625","cache_3878007_泡饭影视":"n1546505572518","cache_3878007_爱奇艺视频":"n1546505571860","cache_3878007_爱搜资源影":"n1546505573571","cache_3878007_片源网":"n1546505573514","cache_3878007_电影传送门":"n1546505573632","cache_3878007_电影天堂":"n1546505572489","cache_3878007_电影日志":"n1546505572507","cache_3878007_电影港":"n1546505573274","cache_3878007_电影首发站":"n1546505571982","cache_3878007_界绍部":"n1546505598052","cache_3878007_盘多多影视":"n1546505572579","cache_3878007_看美剧":"n1546505572369","cache_3878007_磁力猫":"n1546505573144","cache_3878007_磁力站":"n1546505572687","cache_3878007_第一电影网":"n1546505573135","cache_3878007_美剧仓库":"n1546505572247","cache_3878007_美剧汇":"n1546505573582","cache_3878007_美剧鸟":"n1546505572780","cache_3878007_老司机电影":"n1546505573141","cache_3878007_胖鸟电影":"n1546505571622","cache_3878007_腾讯视频":"n1546505572101","cache_3878007_芒果TV":"n1546505572073","cache_3878007_蓝光网":"n1546505572243","cache_3878007_贪玩影视":"n1546505572345","cache_3878007_趣味源":"n1546505573526","cache_3878007_迅影网":"n1546505572501","cache_3878007_迅雷影天堂":"n1546505572331","cache_3878007_迷你MP4":"n1546505572262","cache_3878007_钉子电影":"n1546505572188","cache_3878007_阳光电影":"n1546505572603","cache_3878007_霸气村":"n1546505572597","cache_3878007_音范丝":"n1546505572204","cache_3878007_飞客BT":"n1546505573261","cache_3878007_高清888":"n1546505572904","cache_3878007_高清控":"n1546505573273","cache_3878007_高清电台":"n1546505574228","cache_3878007_魔力电影网":"n1546505573094","cache_need_login_AIPT®":"n1545987171775","need_login_AIPT®":"btrue"}}